{
  "lt": {
    "yaw": -8.584258570301927,
    "pitch": 83.51396051042063
  },
  "rt": {
    "yaw": 3.6244683222052534,
    "pitch": 84.08246250623357
  },
  "rb": {
    "yaw": 2.73918676011643,
    "pitch": 84.05696734586331
  },
  "lb": {
    "yaw": -5.304598056273915,
    "pitch": 84.0434740982019
  }
}