{
  "lt": {
    "yaw": 4.738277434865245,
    "pitch": 83.25312789424312
  },
  "rt": {
    "yaw": 14.583076745841266,
    "pitch": 82.56859088599091
  },
  "rb": {
    "yaw": 12.721029825620086,
    "pitch": 82.86470907679299
  },
  "lb": {
    "yaw": 2.7227043194638796,
    "pitch": 83.3683753018003
  }
}